entity_id,entity_name,entity_type
1,李斯,人名
2,通古,字号
3,秦,时间
4,楚国上蔡(今河南上蔡西),地名
5,小篆,书体/印风
6,崔瑗,人名
7,李阳冰,人名
8,邓石如,人名
9,钱坫,人名
10,王澍,人名
11,程邈,人名
12,元岑,字号
13,下邽(今陕西渭南东北)或下杜(今西安南),地名
14,隶书,书体/印风
15,史游,人名
16,西汉,时间
17,,地名
18,章草,书体/印风
19,王次仲,人名
20,东汉（一说秦代）,时间
21,上谷(今河北怀来东南),地名
22,子玉,字号
23,东汉,时间
24,涿郡安平(今河北安平),地名
25,杜度,人名
26,张芝,人名
27,曹喜,人名
28,仲则,字号
29,扶风平陵(今陕西咸阳东北),地名
30,悬针篆,书体/印风
31,垂露篆,书体/印风
32,邯郸淳,人名
33,蔡邕,人名
34,伯度,字号
35,京兆(今陕西西安),地名
36,皇象,人名
37,师宜宫,人名
38,南阳(今属河南),地名
39,梁鹄,人名
40,刘德昇,人名
41,君嗣,字号
42,颍川(今河南禹县),地名
43,行书,流派
44,行书,流派
45,,人名
46,胡昭,人名
47,孟皇,字号
48,安定乌氏(今甘肃平凉西北),地名
49,师宜官,人名
50,伯英,字号
51,敦煌酒泉(今甘肃酒泉),地名
52,草书,书体/印风
53,张昶（弟）,人名
54,张昶,人名
55,韦诞,人名
56,卫觊,人名
57,索靖,人名
58,卫恒,人名
59,伯喈,字号
60,陈留圉(今河南杞县南),地名
61,飞白书,流派
62,文舒,字号
63,八分,书体/印风
64,张芝（兄）,人名
65,（未提及,人名
66,孔明,字号
67,三国·魏,时间
68,子叔（一作子淑）,人名
69,颍川(今河南禹县)或陈留(今河南陈留),地名
70,古文,书体/印风
71,大篆,书体/印风
72,八分,书体/印风
73,元常,字号
74,颍川(今河南长葛),地名
75,楷书,书体/印风
76,卫铄,人名
77,,人名
78,虞世南,人名
79,,人名
80,祝允明,人名
81,文徵明,人名
82,王宠,人名
83,仲将,字号
84,京兆(今属陕西西安),地名
85,草书,书体/印风
86,休明,字号
87,三国·吴,时间
88,江都(今江苏扬州),地名
89,宋克,人名
90,沈曾植,人名
91,卫瓘,人名
92,伯玉,字号
93,西晋,时间
94,河东安邑(今山西夏县),地名
95,卫觊（父）,人名
96,嵇康,人名
97,叔夜,字号
98,谯郡铚(今安徽濉溪南),地名
99,山涛,人名
100,阮籍等（竹林七贤）,人名
101,幼安,字号
102,敦煌(今甘肃敦煌),地名
103,王蘧常,人名
104,王世镗,人名
105,丰子恺,人名
106,余绍宋,人名
107,巨山,字号
108,河东安邑(今山西夏县北),地名
109,隶书,书体/印风
110,卫瓘（父）,人名
111,陆机,人名
112,士衡,字号
113,华亭(今上海松江),地名
114,陆抗（父）,人名
115,陆云（弟）,人名
116,郗鉴,人名
117,道徽,字号
118,高平金乡(今山东金乡),地名
119,卫铄（卫夫人）,人名
120,茂漪,字号
121,东晋,时间
122,庾翼,人名
123,稚恭,字号
124,鄢陵(今河南鄢陵),地名
125,庾亮（兄）,人名
126,谢安,人名
127,安石,字号
128,陈郡阳夏(今河南太康),地名
129,逸少,字号
130,琅琊临沂(今山东临沂),地名
131,王旷（父）,人名
132,王献之,人名
133,陶弘景,人名
134,智永,人名
135,,人名
136,李世民,人名
137,孙过庭,人名
138,,人名
139,赵构,人名
140,,人名
141,王文治,人名
142,张翼,人名
143,君祖,字号
144,下邳(今江苏睢宁西北),地名
145,子敬,字号
146,行草,书体/印风
147,王羲之（父）,人名
148,王羲之第七子,人名
149,羊欣,人名
150,薄绍之,人名
151,王僧虔,人名
152,萧道成,人名
153,王珣,人名
154,元琳,字号
155,临沂(今山东临沂),地名
156,王洽（父）,人名
157,王珉（弟）,人名
158,王珉,人名
159,季琰,字号
160,王珣（兄）,人名
161,桓玄,人名
162,敬道,字号
163,龙亢(今安徽龙亢),地名
164,桓温（父）,人名
165,敬元,字号
166,东晋—南朝宋,时间
167,泰山南城(今山东费县),地名
168,敬叔（一作钦叔）,人名
169,南朝宋,时间
170,丹阳(今属江苏),地名
171,虞龢,人名
172,余姚(今浙江余姚),地名
173,南朝齐,时间
174,绍伯,字号
175,南兰陵(今江苏常州西北),地名
176,郑道昭,人名
177,僖伯,字号
178,中岳先生,字号
179,北魏,时间
180,开封(今属河南),地名
181,贝义渊,人名
182,南朝梁,时间
183,吴兴(今浙江湖州),地名
184,,人名
185,通明,字号
186,华阳隐居等,字号
187,秣陵(今江苏南京),地名
188,萧衍,人名
189,叔达,字号
190,萧子云,人名
191,景乔,字号
192,庾肩吾,人名
193,慎之,字号
194,玄静先生,字号
195,新野(今河南新野),地名
196,僧人,字号
197,永禅师,字号
198,隋,时间
199,山阴(今浙江绍兴),地名
200,信本,字号
201,唐,时间
202,潭州临湘(今湖南长沙),地名
203,欧体,书体/印风
204,欧阳通,人名
205,翁方纲,人名
206,永瑆,人名
207,溥儒,人名
208,伯施,字号
209,越州余姚(今浙江余姚),地名
210,陆柬之,人名
211,师通,字号
212,欧阳询（父）,人名
213,登善,字号
214,钱塘(今浙江杭州),地名
215,褚体,书体/印风
216,薛稷,人名
217,吴县(今江苏苏州),地名
218,陆彦远,人名
219,李治,人名
220,为善,字号
221,王知敬,人名
222,怀州河内(今河南沁阳),地名
223,嗣通,字号
224,蒲州汾阳(今山西宝鼎),地名
225,钟绍京,人名
226,贺知章,人名
227,季真,字号
228,四明狂客,字号
229,越州永兴(今浙江萧山),地名
230,李白,人名
231,张旭等,人名
232,吴(今江苏苏州),地名
233,陆柬之（父）,人名
234,张旭,人名
235,虔礼,字号
236,吴郡(今江苏苏州)或陈留(今河南开封)或富阳(今浙江富阳),地名
237,,人名
238,泰和,字号
239,扬州江都(今江苏扬州),地名
240,李善（父）,人名
241,杜甫,字号
242,高适等,字号
243,,人名
244,高邕,人名
245,李隆基,人名
246,张怀瓘,人名
247,海陵(今江苏泰州),地名
248,徐浩,人名
249,季海,字号
250,越州(今浙江绍兴),地名
251,蔡襄,人名
252,韩择木,人名
253,昌黎(今属河北),地名
254,蔡有邻,人名
255,济阳(今属山东),地名
256,伯高,字号
257,吴郡(今江苏苏州),地名
258,草书,书体/印风
259,张若虚,人名
260,包融（吴中四士）,人名
261,,人名
262,怀素,人名
263,,人名
264,陆游,人名
265,詹景凤,人名
266,林散之,人名
267,清臣,字号
268,颜体,书体/印风
269,柳公权,人名
270,邬彤,人名
271,杨凝式,人名
272,李建中,人名
273,钱沣,人名
274,,人名
275,伊秉绶,人名
276,翁同龢,人名
277,何绍基,人名
278,赵之谦,人名
279,藏真,字号
280,湖南长沙,地名
281,高闲,人名
282,赵佶,人名
283,少温,字号
284,赵郡(治今河北赵县),地名
285,洪亮吉,人名
286,张惠言,人名
287,张从申,人名
288,沈传师,人名
289,子言,字号
290,诚悬,字号
291,京兆华原(今山西耀县),地名
292,柳体,书体/印风
293,王铎,人名
294,梁同书,人名
295,左宗棠,人名
296,裴休,人名
297,公美,字号
298,孟州济源(今河南济源),地名
299,宋儋,人名
300,藏诸,字号
301,广平(今属河北),地名
302,楷书,书体/印风
303,可大,字号
304,虔州赣县(今江西赣县),地名
305,杜牧,人名
306,牧之,字号
307,京兆万年(今陕西西安),地名
308,杜佑（祖父）,人名
309,乌程(今浙江湖州),地名
310,亚栖,人名
311,永嘉(今浙江温州),地名
312,景度,字号
313,虚白、癸巳人、希维居士、关西老农,字号
314,唐—五代,时间
315,华阴(今陕西华阴),地名
316,王安石,人名
317,李煜,人名
318,初名从嘉,字号
319,白莲居士等,字号
320,五代·南唐,时间
321,金错刀,流派
322,撮襟书,流派
323,徐铉,人名
324,鼎臣,字号
325,宋,时间
326,扬州广陵(今江苏扬州),地名
327,徐锴（弟）,人名
328,章友直,人名
329,得中,字号
330,岩夫民伯,字号
331,开封(今河南开封),地名
332,篆书,书体/印风
333,林逋,人名
334,君复,字号
335,杜衍,人名
336,世昌,字号
337,范仲淹,人名
338,希文,字号
339,伯益,字号
340,福建建安,地名
341,玉箸篆,书体/印风
342,文彦博,人名
343,宽夫,字号
344,汾州介休(今山西介休),地名
345,吕公弼,人名
346,宝臣,字号
347,寿州(今安徽寿县),地名
348,欧阳修,人名
349,永叔,字号
350,醉翁,字号
351,庐陵(今江西吉安),地名
352,韩琦,人名
353,稚圭,字号
354,戆叟,字号
355,桐州安阳(今河南安阳),地名
356,富弼,人名
357,苏洵,人名
358,明允,字号
359,老泉,字号
360,眉州眉山(今四川眉山),地名
361,韩绛,人名
362,子华,字号
363,开封雍丘(今河南杞县),地名
364,君谟,字号
365,兴化仙游(今福建仙游),地名
366,司马光,人名
367,君实,字号
368,陕州夏县(山西夏县),地名
369,介甫,字号
370,半山,字号
371,江西临川,地名
372,钱公辅,人名
373,君倚,字号
374,武进(今江苏常州),地名
375,沈遘,人名
376,文通,字号
377,西溪,字号
378,沈辽（弟）、沈括（从弟）,人名
379,范纯仁,人名
380,尧夫,字号
381,范仲淹（父）,人名
382,吕大防,人名
383,微仲,字号
384,京兆蓝田(今陕西蓝田),地名
385,沈辽,人名
386,叡达,字号
387,云巢,字号
388,沈遘（兄）,人名
389,王诜,人名
390,晋卿,字号
391,山西太原,地名
392,苏轼（为其作记）,人名
393,子瞻,字号
394,东坡居士,字号
395,苏洵（父）,人名
396,苏辙（弟）,人名
397,苏辙,人名
398,苏过,人名
399,苏迈,人名
400,吴宽,人名
401,李流芳,人名
402,张之洞,人名
403,子由,字号
404,颍滨、栾城、颍滨遗老,字号
405,眉州眉山（今四川眉山）,地名
406,王岩叟,人名
407,彦霖,字号
408,大名清平（今河北大名）,地名
409,鲁,字号
410,涪翁、山谷道人,字号
411,洪州分宁（今江西修水）,地名
412,张耒,人名
413,晁补之,人名
414,秦,人名
415,沈周,人名
416,蔡京,人名
417,元长,字号
418,仙游（今福建仙游）,地名
419,蔡卞,人名
420,元章,字号
421,鹿门居士、襄阳漫士、海岳外史,字号
422,祖籍太原（今属山西）,地名
423,米友仁,人名
424,王庭筠,人名
425,吴琚,人名
426,元度,字号
427,伯达,字号
428,叔党,字号
429,斜川居士、小坡,字号
430,胡安国,人名
431,崇安（今福建崇安）,地名
432,王升,人名
433,逸老,字号
434,羔羊居士,字号
435,汴（今河南开封）,地名
436,米友,字号
437,元晖,字号
438,懒拙道人,字号
439,祖籍山西太原,地名
440,涿州（今河北涿州）,地名
441,瘦金体,流派
442,薛曜,人名
443,蒋灿,人名
444,宣卿,字号
445,宜兴（今江苏宜兴）,地名
446,秦桧,人名
447,会之,字号
448,江宁,地名
449,张九成,人名
450,子韶,字号
451,横浦、无垢居士,字号
452,其先开封人,地名
453,扬无咎,字号
454,补之,字号
455,逃禅老人、清夷长者,字号
456,本蜀郡成都人,地名
457,王巩,人名
458,定国,字号
459,清虚先生,字号
460,魏州（今河北大名）,地名
461,邵䶵,字号
462,仲恭,字号
463,江苏丹阳,地名
464,王安中,人名
465,履道,字号
466,初寮,字号
467,中山阳曲（今山西太原）,地名
468,陈旸,人名
469,晋之,字号
470,福建福州,地名
471,薛绍彭,人名
472,道祖,字号
473,翠微居士,字号
474,长安（今陕西西安）,地名
475,德基,字号
476,涿州（今河北涿县）,地名
477,虞允文,人名
478,彬甫,字号
479,隆州仁寿（今四川仁寿）,地名
480,杨万里,人名
481,廷秀,字号
482,诚斋,字号
483,吉水（今江西吉水）,地名
484,范成大,人名
485,尤袤,人名
486,务观,字号
487,放翁、笠泽翁、九曲老樵,字号
488,山阴（今浙江绍兴）,地名
489,致能,字号
490,石湖,字号
491,吴郡（今江苏苏州）,地名
492,赵昚,人名
493,元永,字号
494,梁克家,人名
495,叔子,字号
496,泉州晋江（今福建泉州市）,地名
497,朱熹,人名
498,元晦,字号
499,晦庵、云谷老人、沧州病叟、遁翁,字号
500,婺源（今属江西婺源）,地名
501,葛长庚,人名
502,白叟、如晦,字号
503,福建闽清,地名
504,张孝祥,人名
505,安国,字号
506,于湖,字号
507,历阳乌江（今安徽和县）,地名
508,张即之,人名
509,张栻,人名
510,敬夫、乐斋,字号
511,南轩,字号
512,汉州绵竹（今四川绵竹）,地名
513,张浚,人名
514,吕祖谦,人名
515,楼钥,人名
516,大防,字号
517,攻媿主人,字号
518,鄞县（今浙江宁波）,地名
519,姜夔,人名
520,尧章,字号
521,白石道人,字号
522,鄱阳（今江西鄱阳）,地名
523,魏了翁,人名
524,华父,字号
525,鹤山,字号
526,邛州蒲江（今四川蒲江）,地名
527,温夫,字号
528,樗寮,字号
529,历阳（今安徽和县）,地名
530,赵孟坚,人名
531,子固,字号
532,彝斋居士,字号
533,浙江海盐,地名
534,吴说,人名
535,傅朋,字号
536,练塘,字号
537,钱塘（今浙江杭州）,地名
538,游丝书,流派
539,居父,字号
540,云壑,字号
541,文天祥,人名
542,宋端、履善,字号
543,文山,字号
544,吉州吉水（今江西吉安）,地名
545,吴升,人名
546,潜夫,字号
547,定庵,字号
548,婺源（今江西婺源）,地名
549,陈容,人名
550,公储,字号
551,所翁,字号
552,长乐（今福建长乐）,地名
553,蔡松年,人名
554,伯坚,字号
555,萧闲老人,字号
556,金,时间
557,真定（今河北正定）,地名
558,吴激,人名
559,施宜生,人名
560,明望,字号
561,三住老人,字号
562,福建浦城（一作邵武）,地名
563,蔡珪,人名
564,正甫,字号
565,子端,字号
566,黄华山人、黄华老人,字号
567,河东（今山西永济）,地名
568,赵秉文,人名
569,张天锡,人名
570,鲜于枢,人名
571,周臣,字号
572,闲闲居士,字号
573,磁州滏阳（今河北磁县）,地名
574,耶律楚材,人名
575,玉泉、湛然居士,字号
576,元,时间
577,契丹人,地名
578,商挺,人名
579,孟卿,字号
580,左山、左山老人,字号
581,曹州济阴（今山东菏泽）,地名
582,钱选,人名
583,舜举,字号
584,玉潭、巽峰、清癯老人、习懒翁、霅川翁,字号
585,吴兴（今浙江湖州）,地名
586,戴表元,人名
587,帅初、曾伯,字号
588,浙江奉化,地名
589,伯机,字号
590,困学民、直案老人,字号
591,渔阳（今河北蓟县）,地名
592,仇远,人名
593,仁近、仁父,字号
594,山村,字号
595,白珽,人名
596,廷玉,字号
597,湛渊、栖霞山人,字号
598,子昂,字号
599,松雪道人、鸥波、水晶宫道人,字号
600,赵体,书体/印风
601,赵雍,人名
602,郭畀,人名
603,康里巎巎,人名
604,王蒙,人名
605,俞和,人名
606,弘历,人名
607,冯子振,人名
608,海粟,字号
609,瀛洲客、怪怪道人,字号
610,攸州（今湖南攸县）,地名
611,邓文原,人名
612,善之、匪石,字号
613,素履先生,字号
614,绵州（今四川绵阳）,地名
615,龚璛,人名
616,自高邮（今江苏高邮）徙平江（今湖南平江）,地名
617,袁桷,人名
618,伯长,字号
619,清容居士,字号
620,庆元（今浙江庆元）,地名
621,吴全节,人名
622,成季,字号
623,闲闲、看云道人,字号
624,饶州安仁（今江西余江）,地名
625,黄公望,人名
626,子久,字号
627,一峰、大痴、一峰道人、大痴道人、井西道人,字号
628,平江常熟（今江苏常熟）,地名
629,吴镇,人名
630,倪瓒,人名
631,虞集,人名
632,伯生,字号
633,道园,字号
634,蜀郡（今四川成都）,地名
635,隶书,书体/印风
636,欧阳玄,人名
637,原功,字号
638,圭斋、平心老人、霜华山人,字号
639,其先家庐陵（今江西吉安）,地名
640,揭傒斯,人名
641,曼硕,字号
642,龙兴富州（今江西丰城）,地名
643,柳贯,人名
644,黄溍,人名
645,杨载,人名
646,范梈,人名
647,张雨,人名
648,伯雨,字号
649,句曲外史、贞居子,字号
650,金琮,人名
651,钱良祐,人名
652,翼之,字号
653,江村民、江村先生,字号
654,平江（今湖南平江）,地名
655,篆书,书体/印风
656,仲圭,字号
657,梅花道人、梅道人、梅沙弥,字号
658,浙江嘉兴魏塘,地名
659,訾光,人名
660,张翥,人名
661,仲举,字号
662,蜕庵,字号
663,晋宁（今山西临汾）,地名
664,薛玄义,人名
665,玄卿,字号
666,上清外史,字号
667,贵溪（今江西贵溪）,地名
668,天锡、佑之,字号
669,北山,字号
670,京口（今江苏镇江）,地名
671,柯九思,人名
672,敬仲,字号
673,丹丘生,字号
674,天台（今浙江天台）,地名
675,仲穆,字号
676,朱德润,人名
677,泽民,字号
678,睢阳山人、眉宇散人、翁同山人,字号
679,原籍睢阳（今河南商丘）,地名
680,子山,字号
681,正斋、恕叟,字号
682,康里（今属新疆）,地名
683,危素,人名
684,宋璲,人名
685,杨维桢,人名
686,廉夫,字号
687,铁崖、铁笛道人、铁冠道人、梅花道人,字号
688,会稽（今浙江绍兴）,地名
689,吴叡,人名
690,孟思,字号
691,雪涛散人、青云生,字号
692,浙江杭州,地名
693,吾丘衍,人名
694,周伯琦,人名
695,伯温,字号
696,谷阳生、玉雪坡真逸,字号
697,饶州（今江西鄱阳）,地名
698,元镇,字号
699,云林、云林子、云林散人、荆蛮民、净名居士、朱阳馆主、萧闲仙卿、幻霞生,字号
700,无锡（今江苏无锡）,地名
701,泰不华,人名
702,兼善,字号
703,台州（今浙江临海）,地名
704,张有,人名
705,叔明、叔铭,字号
706,黄鹤山樵、黄鹤山人、黄鹤樵、黄鹤山中樵、香光居士,字号
707,陈基,人名
708,敬初,字号
709,浙江临海,地名
710,李倜,人名
711,士弘,字号
712,篑峤、员峤真逸,字号
713,吴炳,人名
714,彦辉,字号
715,篆书,书体/印风
716,沈右,人名
717,仲说,字号
718,御斋、寓斋,字号
719,吴中（今江苏苏州）,地名
720,陆广,人名
721,季弘,字号
722,天游生,字号
723,吴（今江苏苏州）,地名
724,陆居仁,人名
725,宅之,字号
726,巢松翁、松云野褐、瑁湖居士,字号
727,华亭（今上海市松江）,地名
728,钱惟善,人名
729,陈绎曾,人名
730,伯敷、伯孚,字号
731,处州（今浙江丽水）,地名
732,子中,字号
733,紫芝、紫芝生、清隐散人,字号
734,桐江（今浙江桐庐）,地名
735,饶介,人名
736,介之,字号
737,醉翁、华盖山樵,字号
738,临川（今江西抚州）,地名
739,思复,字号
740,心白道人、曲江居士,字号
741,钱逵,人名
742,伯行,字号
743,鲁渊,人名
744,道源,字号
745,岐山先生,字号
746,浙江淳安,地名
747,熊梦祥,人名
748,自得,字号
749,松云道人,字号
750,富州（今江西丰城）,地名
751,薛毅夫,人名
752,茂弘,字号
753,鹤斋、白屋生,字号
754,江西贵溪,地名
755,太朴,字号
756,云林,字号
757,明,时间
758,金谿（今江西金溪）,地名
759,杜环,人名
760,詹希元,人名
761,解缙,人名
762,宋濂,人名
763,景濂,字号
764,潜溪,字号
765,浦江（今浙江浦江）,地名
766,刘基,人名
767,高启,人名
768,青田（今浙江青田）,地名
769,仲温,字号
770,南宫生,字号
771,长洲（今江苏苏州）,地名
772,孙克弘,人名
773,卢熊,人名
774,公武,字号
775,崑山（今江苏昆山）,地名
776,篆书,书体/印风
777,俞贞木,人名
778,有立,字号
779,立庵,字号
780,吴县（今江苏苏州）,地名
781,季迪,字号
782,槎轩、青丘子,字号
783,吴郡长洲（今江苏苏州）,地名
784,仲珩,字号
785,宋广,人名
786,沈粲,人名
787,昌裔,字号
788,河南南阳（一作唐县,地名
789,方孝孺,人名
790,希直、希古,字号
791,宁海（今浙江宁海）,地名
792,沈度,人名
793,民则,字号
794,自乐,字号
795,华亭（今上海松江）,地名
796,朱瞻基,人名
797,沈藻,人名
798,张电,人名
799,姜立纲,人名
800,民望,字号
801,简庵,字号
802,胡俨,人名
803,若思,字号
804,颐庵,字号
805,江西南昌,地名
806,王绂,人名
807,孟端,字号
808,友,字号
809,九龙山人,字号
810,青城山人,字号
811,杨士奇,人名
812,寓,字号
813,泰和（今江西泰和）,地名
814,夏元吉,人名
815,维喆,字号
816,湖南湘阴,地名
817,大绅,字号
818,春雨,字号
819,魏骥,人名
820,仲房,字号
821,南斋,字号
822,浙江萧山,地名
823,柴车,人名
824,叔舆,字号
825,浙江江山,地名
826,杜琼,人名
827,用嘉,字号
828,江苏苏州,地名
829,于谦,人名
830,廷益,字号
831,朱瞻,字号
832,长春真人,字号
833,张绅,人名
834,士行,字号
835,仲绅,字号
836,云门山樵,字号
837,云门遗老,字号
838,山东济南,地名
839,陈璧,人名
840,文东,字号
841,谷阳生,字号
842,马治,人名
843,孝常,字号
844,聂大年,人名
845,寿卿,字号
846,徐有贞,人名
847,元玉,字号
848,天全,字号
849,刘珏,人名
850,廷美,字号
851,完庵,字号
852,商辂,人名
853,弘载,字号
854,素庭,字号
855,淳安（今浙江淳安）,地名
856,卞荣,人名
857,华伯,字号
858,江阴（今江苏江阴）,地名
859,姚绶,人名
860,公绶,字号
861,丹丘生,字号
862,穀庵子,字号
863,云东逸史,字号
864,浙江嘉兴,地名
865,张弼,人名
866,汝弼,字号
867,东海翁,字号
868,启南,字号
869,石田,字号
870,白石翁,字号
871,唐寅,人名
872,仇英,人名
873,陈献章,人名
874,公甫,字号
875,石斋,字号
876,石翁,字号
877,白沙先生,字号
878,广东新会,地名
879,茅笔字,流派
880,李应祯,人名
881,贞伯,字号
882,原博,字号
883,李东阳,人名
884,宾之,字号
885,西涯,字号
886,茶陵（今湖南茶陵）,地名
887,,字号
888,金陵（今南京）,地名
889,谢迁,人名
890,于乔,字号
891,余姚（今浙江余姚）,地名
892,王鏊,人名
893,济之,字号
894,守溪,字号
895,震泽先生,字号
896,文林,人名
897,宗儒,字号
898,杨循吉,人名
899,君谦,字号
900,多暇子,字号
901,希哲,字号
902,枝山,字号
903,枝山老樵,字号
904,枝指生,字号
905,徐祯卿,人名
906,黄姬水,人名
907,吴应卯,人名
908,邵宝,人名
909,国贤,字号
910,二泉,字号
911,钱福,人名
912,与谦,字号
913,鹤滩,字号
914,徐霖,人名
915,子仁,字号
916,子元,字号
917,九峰道人,字号
918,髯翁,字号
919,快园叟,字号
920,费宏,人名
921,子充,字号
922,江西铅山,地名
923,陈沂,人名
924,鲁南,字号
925,石亭,字号
926,小坡,字号
927,鄞（今浙江宁波）,地名
928,徵仲,字号
929,衡山居士,字号
930,文彭,人名
931,文嘉,人名
932,周天球,人名
933,陆师道,人名
934,居节,人名
935,伯虎,字号
936,子畏,字号
937,六如居士,字号
938,桃花庵,字号
939,逃禅仙史,字号
940,王守仁,人名
941,伯安,字号
942,阳明,字号
943,阳明山人,字号
944,阳明居士,字号
945,今浙江余姚,地名
946,陆深,人名
947,子渊,字号
948,俨山,字号
949,夏言,人名
950,公谨,字号
951,桂翁,字号
952,桂洲翁,字号
953,陈淳,人名
954,道复,字号
955,复甫,字号
956,白阳,字号
957,白阳山人,字号
958,苏州（今江苏苏州）,地名
959,徐渭,人名
960,林藻,人名
961,杨慎,人名
962,用修,字号
963,升庵,字号
964,四川新都,地名
965,沈仕,人名
966,懋学,字号
967,子登,字号
968,青门山人,字号
969,仁和（今浙江杭州）,地名
970,王守,人名
971,履约,字号
972,涵峰,字号
973,涵峰山人,字号
974,九华山人,字号
975,李怀琳,人名
976,丰坊,人名
977,存礼,字号
978,人翁,字号
979,南禺外史,字号
980,履仁,字号
981,履吉,字号
982,雅宜山人,字号
983,王问,人名
984,子裕,字号
985,仲山,字号
986,筮斋,字号
987,寿承,字号
988,三桥,字号
989,马愈,人名
990,抑之,字号
991,华发仙人,字号
992,马清痴,字号
993,嘉定（今属上海市）,地名
994,朱希周,人名
995,懋忠,字号
996,昆山（今江苏昆山）,地名
997,乔宇,人名
998,希大,字号
999,白岩,字号
1000,太原乐平（今山西昔阳）,地名
1001,凝清,字号
1002,仲藻,字号
1003,文光,字号
1004,宾山,字号
1005,上海,地名
1006,张骏,人名
1007,天骏,字号
1008,南山,字号
1009,张璧,人名
1010,崇象,字号
1011,阳峰,字号
1012,石首（今属湖北）,地名
1013,廷宪,字号
1014,东溪,字号
1015,浙江瑞安,地名
1016,蔡羽,人名
1017,九逵,字号
1018,九馗,字号
1019,林屋山人,字号
1020,詹僖,人名
1021,仲和,字号
1022,铁冠道人,字号
1023,四明（今浙江宁波）,地名
1024,休承,字号
1025,文水,字号
1026,文水道人,字号
1027,王穀祥,人名
1028,禄之,字号
1029,酉室,字号
1030,罗洪先,人名
1031,达夫,字号
1032,念庵,字号
1033,彭年,人名
1034,孔嘉,字号
1035,隆池,字号
1036,唐顺之,人名
1037,应德,字号
1038,义修,字号
1039,荆川,字号
1040,武进（今江苏常州）,地名
1041,莫如忠,人名
1042,子良,字号
1043,中江,字号
1044,草书,书体/印风
1045,淳父,字号
1046,志淳,字号
1047,圣长,字号
1048,观复子,字号
1049,王穉登,人名
1050,严讷,人名
1051,敏卿,字号
1052,养斋,字号
1053,江苏常熟,地名
1054,茅坤,人名
1055,顺甫,字号
1056,鹿门,字号
1057,归安（今浙江湖州）,地名
1058,俞允文,人名
1059,仲蔚,字号
1060,隶书,书体/印风
1061,公暇,字号
1062,幼海,字号
1063,六止生,字号
1064,群玉山樵,字号
1065,海瑞,人名
1066,汝贤,字号
1067,刚峰,字号
1068,琼山（今海南海口）,地名
1069,陈芹,人名
1070,子野,字号
1071,横厓,字号
1072,横道人,字号
1073,金陵（今江苏南京）,地名
1074,杨继盛,人名
1075,仲芳,字号
1076,椒山,字号
1077,河北容城,地名
1078,子传,字号
1079,元洲,字号
1080,五湖,字号
1081,文长,字号
1082,天池,字号
1083,青藤道人等,字号
1084,项元汴,人名
1085,子京,字号
1086,墨林居士,字号
1087,退密庵主人,字号
1088,惠泉山樵,字号
1089,鸳鸯湖长,字号
1090,王世贞,人名
1091,元美,字号
1092,凤洲,字号
1093,五湖长,字号
1094,弇州山长,字号
1095,江苏太仓,地名
1096,张凤翼,人名
1097,伯起,字号
1098,灵墟,字号
1099,张献翼,人名
1100,张燕翼,人名
1101,士贞,字号
1102,商谷,字号
1103,西昌逸士,字号
1104,允执,字号
1105,雪居,字号
1106,孙承恩,人名
1107,王锡爵,人名
1108,元驭,字号
1109,荆石,字号
1110,太仓（今江苏太仓）,地名
1111,伯穀,字号
1112,半偈长者,字号
1113,广长庵主,字号
1114,松坛道人,字号
1115,申时行,人名
1116,汝默,字号
1117,瑶泉,字号
1118,休休居士,字号
1119,苏庵主人,字号
1120,莫是龙,人名
1121,廷韩,字号
1122,云卿,字号
1123,秋水,字号
1124,后明,字号
1125,祝世禄,人名
1126,廷之,字号
1127,无功,字号
1128,江西德兴,地名
1129,陆应阳,人名
1130,古塘居士,字号
1131,片玉山人,字号
1132,平原村长,字号
1133,上海青浦,地名
1134,屠隆,人名
1135,长卿,字号
1136,纬真,字号
1137,赤水,字号
1138,鸿苞居士,字号
1139,德清,人名
1140,澄印,字号
1141,憨山,字号
1142,憨山道人,字号
1143,安徽全椒,地名
1144,严徵,人名
1145,道徵,字号
1146,天池,字号
1147,天池居士,字号
1148,丁搜宁生,字号
1149,丁云鹏,人名
1150,南羽,字号
1151,圣华居士,字号
1152,黄山老樵,字号
1153,休宁（今安徽休宁）,地名
1154,丁瓒,人名
1155,朱之蕃,人名
1156,元介,字号
1157,兰嵎,字号
1158,山东荏平,地名
1159,汤显祖,人名
1160,义仍,字号
1161,若士,字号
1162,若海,字号
1163,清远道人,字号
1164,俞安期,人名
1165,公临,字号
1166,羡长,字号
1167,吴江（今江苏吴江）,地名
1168,邢侗,人名
1169,子愿,字号
1170,来禽生,字号
1171,临邑（今山东临清）,地名
1172,米万钟,人名
1173,张瑞图,人名
1174,邹元,字号
1175,尔瞻,字号
1176,南皋,字号
1177,江西吉水,地名
1178,娄坚,人名
1179,子柔,字号
1180,唐时升,人名
1181,程嘉燧,人名
1182,玄宰,字号
1183,思白,字号
1184,思翁,字号
1185,香光,字号
1186,香光居士,字号
1187,普荷,人名
1188,祁豸佳,人名
1189,冒襄,人名
1190,查士标,人名
1191,查昇,人名
1192,玄烨,人名
1193,张照,人名
1194,铁保,人名
1195,陈继儒,人名
1196,仲醇,字号
1197,眉公,字号
1198,麋公,字号
1199,雪堂,字号
1200,白石樵,字号
1201,范允临,人名
1202,长倩,字号
1203,石公,字号
1204,萧斋,字号
1205,叶向高,人名
1206,进卿,字号
1207,台山,字号
1208,福建福清,地名
1209,赵宦光,人名
1210,凡夫,字号
1211,水臣,字号
1212,广平,字号
1213,寒山长,字号
1214,草篆,书体/印风
1215,王衡,人名
1216,辰玉,字号
1217,缑山,字号
1218,高攀龙,人名
1219,云从,字号
1220,存之,字号
1221,景逸,字号
1222,孙慎行,人名
1223,闻斯,字号
1224,淇澳,字号
1225,玄宴子,字号
1226,江苏武进,地名
1227,李日华,人名
1228,九疑,字号
1229,嘉兴（今浙江嘉兴）,地名
1230,孟阳,字号
1231,松圆,字号
1232,偈庵,字号
1233,无画,字号
1234,长公,字号
1235,二水,字号
1236,芥子居士,字号
1237,果亭山人,字号
1238,白毫庵居士,字号
1239,福建晋江,地名
1240,仲诏,字号
1241,友石,字号
1242,湛园,字号
1243,文石居士,字号
1244,石隐庵居士,字号
1245,关中（今陕西）,地名
1246,文从简,人名
1247,彦可,字号
1248,枕烟老人,字号
1249,文元善,人名
1250,文震孟,人名
1251,文起,字号
1252,湛持,字号
1253,湛持居士,字号
1254,竺坞生,字号
1255,药园逸史,字号
1256,文元发,人名
1257,曹学佺,人名
1258,能始,字号
1259,石仓,字号
1260,雁泽,字号
1261,西峰居士,字号
1262,侯官（今福建福州）,地名
1263,归昌世,人名
1264,文休,字号
1265,假庵,字号
1266,江苏昆山,地名
1267,王志坚,人名
1268,茂宰,字号
1269,长蘅,字号
1270,檀园,字号
1271,香海,字号
1272,沧庵,字号
1273,慎娱居士,字号
1274,歙县（今安徽歙县）,地名
1275,严衍,人名
1276,永思,字号
1277,午庭,字号
1278,拙道人,字号
1279,宋珏,人名
1280,比玉,字号
1281,荔枝仙,字号
1282,莆田（今福建莆田）,地名
1283,八分,书体/印风
1284,俞琬纶,人名
1285,君宣,字号
1286,眭嵩年,人名
1287,明永,字号
1288,黄道周,人名
1289,幼玄,字号
1290,螭若,字号
1291,石斋,字号
1292,福建漳州,地名
1293,瞿式耜,人名
1294,起田,字号
1295,稼轩,字号
1296,婢林居士,字号
1297,虞山（今江苏常熟）,地名
1298,瞿汝说,人名
1299,瞿式未,人名
1300,侯峒曾,人名
1301,豫瞻,字号
1302,广咸,字号
1303,侯震旸,人名
1304,侯岐曾,人名
1305,倪元璐,人名
1306,汝玉,字号
1307,玉汝,字号
1308,鸿宝,字号
1309,浙江上虞,地名
1310,邵弥,人名
1311,僧弥,字号
1312,瓜畴,字号
1313,弥远,字号
1314,灌园叟,字号
1315,青门隐人,字号
1316,瓜畴老人,字号
1317,吴伟业,人名
1318,戴笠,人名
1319,曼公,字号
1320,独立,字号
1321,天外一闲人,字号
1322,荷锄人,字号
1323,杨文骢,人名
1324,龙友,字号
1325,山子,字号
1326,雪斋,字号
1327,贵阳（今属贵州）,地名
1328,陈洪绶,人名
1329,章侯,字号
1330,老莲,字号
1331,老迟,字号
1332,悔迟,字号
1333,弗迟,字号
1334,云门僧,字号
1335,九品莲台主者,字号
1336,浙江诸暨,地名
1337,崔子忠,人名
1338,谢稚柳,人名
1339,王逢元,人名
1340,子新,字号
1341,吉山,字号
1342,王钦佩,人名
1343,王逢年,人名
1344,舜华,字号
1345,明佐,字号
1346,玄阳山人,字号
1347,邢慈静,人名
1348,,字号
1349,杨明时,人名
1350,存吾,字号
1351,不弃,字号
1352,未孩子,字号
1353,未孺道人,字号
1354,歙（今安徽歙县）,地名
1355,刘允明,人名
1356,以端,字号
1357,古雪老人,字号
1358,浙江德清,地名
1359,许友,人名
1360,有介,字号
1361,介寿,字号
1362,介眉,字号
1363,瓯香,字号
1364,许光祚,人名
1365,灵长,字号
1366,汤焕,人名
1367,严澍,人名
1368,道时,字号
1369,三江,字号
1370,江苏无锡,地名
1371,汪俊,人名
1372,石潭,字号
1373,江西弋阳,地名
1374,陈元素,人名
1375,古白,字号
1376,孝平,字号
1377,金刚,字号
1378,素翁,字号
1379,处廓先生,字号
1380,项穆,人名
1381,德纯,字号
1382,元贞,字号
1383,徐兰,人名
1384,芳远,字号
1385,秀夫,字号
1386,南塘,字号
1387,浙江宁波,地名
1388,黄辉,人名
1389,平倩,字号
1390,昭素,字号
1391,慎轩,字号
1392,怡春居士,字号
1393,四川南充,地名
1394,东图,字号
1395,白岳山人,字号
1396,天隐子,字号
1397,大龙客,字号
1398,安徽休宁,地名
1399,蒋明凤,人名
1400,羽灵,字号
1401,苏湾,字号
1402,浙江长兴,地名
1403,周叔宗,人名
1404,松陵（今江苏吴江）,地名
1405,史可法,人名
1406,宪之,字号
1407,道邻,字号
1408,大兴（今河北大兴）,地名
1409,祁彪佳,人名
1410,世培,字号
1411,幼文,字号
1412,弘吉,字号
1413,万寿祺,人名
1414,介石,字号
1415,年少,字号
1416,内景,字号
1417,沙门慧寿,字号
1418,明志道人,字号
1419,江苏徐州,地名
1420,李待问,人名
1421,存我,字号
1422,黄淳耀,人名
1423,蕴生,字号
1424,松厓,字号
1425,水镜居士,字号
1426,屈大均,人名
1427,介子,字号
1428,翁山,字号
1429,翁山,字号
1430,邵非池,字号
1431,清,时间
1432,番禺（今广东广州）,地名
1433,梁佩兰,人名
1434,陈恭尹,人名
1435,吴孔嘉,人名
1436,元会,字号
1437,天石,字号
1438,天都逸史,字号
1439,钱谦益,人名
1440,受之,字号
1441,牧斋,字号
1442,蒙叟,字号
1443,东涧老人,字号
1444,龚鼎孳,人名
1445,王时敏,人名
1446,逊之,字号
1447,烟客,字号
1448,西庐老人,字号
1449,西田主人,字号
1450,王鉴,人名
1451,王翚,字号
1452,王原祁,字号
1453,觉斯,字号
1454,觉之,字号
1455,嵩樵,字号
1456,孟津（今属河南）,地名
1457,孙承泽,人名
1458,耳北,字号
1459,耳伯,字号
1460,北海,字号
1461,退谷,字号
1462,退谷逸叟,字号
1463,退谷老人,字号
1464,退翁,字号
1465,退道人,字号
1466,山东益都,地名
1467,担当,字号
1468,云南晋宁,地名
1469,止祥,字号
1470,雪瓢,字号
1471,元照,字号
1472,圆照,字号
1473,元熠,字号
1474,湘碧,字号
1475,染香庵主,字号
1476,弇山后人,字号
1477,金俊明,人名
1478,孝章,字号
1479,耿庵,字号
1480,不寐道人,字号
1481,程正揆,人名
1482,端伯,字号
1483,鞠陵,字号
1484,青溪老人,字号
1485,青溪旧史,字号
1486,青溪道人,字号
1487,湖北孝感,地名
1488,傅山,人名
1489,青竹,字号
1490,青主,字号
1491,仁仲,字号
1492,啬庐,字号
1493,石道人,字号
1494,阳曲（今属山西）,地名
1495,程邃,人名
1496,穆倩,字号
1497,朽民,字号
1498,垢区,字号
1499,青溪,字号
1500,垢道人,字号
1501,野全道者,字号
1502,江东布衣,字号
1503,安徽歙县,地名
1504,隶书,书体/印风
1505,王光承,人名
1506,瑜右,字号
1507,介右,字号
1508,方以智,人名
1509,无可,字号
1510,昌公,字号
1511,鹿起,字号
1512,密之,字号
1513,墨历,字号
1514,药地和尚,字号
1515,浮山愚者,字号
1516,安徽桐城,地名
1517,陈贞慧,人名
1518,侯方域,人名
1519,辟疆,字号
1520,巢民,字号
1521,朴庵,字号
1522,朴巢,字号
1523,水绘庵老人,字号
1524,江苏如皋,地名
1525,冒起宗,人名
1526,黄周星,人名
1527,九烟,字号
1528,景明,字号
1529,景虞,字号
1530,上元（今南京）,地名
1531,杜濬,人名
1532,于皇,字号
1533,逢源,字号
1534,茶村,字号
1535,半翁,字号
1536,赎道人,字号
1537,湖北黄冈,地名
1538,周亮工,人名
1539,元亮,字号
1540,伯安,字号
1541,减斋,字号
1542,栎园,字号
1543,栎下生,字号
1544,栎园老人,字号
1545,栎下先生,字号
1546,河南祥符,地名
1547,隶书,书体/印风
1548,法若真,人名
1549,汉儒,字号
1550,黄石,字号
1551,黄山,字号
1552,黄山衲,字号
1553,小珠山人,字号
1554,黄山逸史,字号
1555,胶州（今山东胶县）,地名
1556,顾炎武,人名
1557,宁人,字号
1558,亭林,字号
1559,归庄,人名
1560,尔礼,字号
1561,玄恭,字号
1562,元功,字号
1563,园公,字号
1564,悬弓,字号
1565,恒轩,字号
1566,归妹,字号
1567,归乎来,字号
1568,孝升,字号
1569,芝麓,字号
1570,安徽合肥,地名
1571,二瞻,字号
1572,梅壑,字号
1573,梅壑散人,字号
1574,后乙卯生,字号
1575,白岳逋客,字号
1576,海阳（今安徽休宁）,地名
1577,弘仁,人名
1578,孙逸,人名
1579,汪之瑞,人名
1580,龚贤,人名
1581,半千,字号
1582,野遗,字号
1583,半亩,字号
1584,柴丈人,字号
1585,尤侗,人名
1586,同人,字号
1587,展成,字号
1588,悔庵,字号
1589,艮庵,字号
1590,西堂老人,字号
1591,鹤栖道人,字号
1592,宋曹,人名
1593,彬臣,字号
1594,邠臣,字号
1595,射陵,字号
1596,江苏盐城,地名
1597,吕潜,人名
1598,孔昭,字号
1599,石山,字号
1600,半隐,字号
1601,石山农,字号
1602,四川遂宁,地名
1603,郑簠,人名
1604,汝器,字号
1605,谷口,字号
1606,谷口农,字号
1607,上元（今江苏南京）,地名
1608,宋比玉,人名
1609,万经,人名
1610,徐枋,人名
1611,昭法,字号
1612,俟斋,字号
1613,涧叟,字号
1614,雪床庵主人,字号
1615,秦馀山人,字号
1616,王弘撰,人名
1617,文修,字号
1618,无异,字号
1619,山史,字号
1620,待庵,字号
1621,天山老人,字号
1622,陕西华阴,地名
1623,梅清,人名
1624,渊公,字号
1625,远公,字号
1626,瞿山,字号
1627,梅痴,字号
1628,敬亭山农,字号
1629,安徽宣城,地名
1630,梅庚,人名
1631,石涛,人名
1632,笪重光,人名
1633,在辛,字号
1634,江上外史,字号
1635,郁冈扫叶道人,字号
1636,逸光,字号
1637,逸叟,字号
1638,江苏句容,地名
1639,姜宸英,人名
1640,汪士鋐,人名
1641,何焯,人名
1642,毛奇龄,人名
1643,大可,字号
1644,僧开,字号
1645,僧弥,字号
1646,秋晴,字号
1647,初晴,字号
1648,晚晴,字号
1649,河右僧,字号
1650,西河先生,字号
1651,毛万龄,人名
1652,吴山涛,人名
1653,岱观,字号
1654,塞翁,字号
1655,醉吟先生,字号
1656,沈荃,人名
1657,贞蕤,字号
1658,绎堂,字号
1659,充斋,字号
1660,汪琬,人名
1661,苕文,字号
1662,钝庵,字号
1663,尧峰外史,字号
1664,王遮山樵,字号
1665,钝翁,字号
1666,魏禧,人名
1667,朱耷,人名
1668,八大山人,字号
1669,雪个,字号
1670,个山,字号
1671,人屋,字号
1672,驴汉,字号
1673,驴屋驴,字号
1674,个山驴,字号
1675,刃庵,字号
1676,道朗,字号
1677,南昌（今属江西）,地名
1678,原济,人名
1679,髡残,人名
1680,西溟,字号
1681,湛园,字号
1682,苇间,字号
1683,湛园居士,字号
1684,浙江慈溪,地名
1685,朱彝尊,人名
1686,严绳孙,人名
1687,锡鬯,字号
1688,竹垞,字号
1689,醧舫,字号
1690,鸥舫,字号
1691,金风亭长,字号
1692,小长芦钓鱼师,字号
1693,秀水（今浙江嘉兴）,地名
1694,元孝,字号
1695,半峰,字号
1696,独漉,字号
1697,独漉山人,字号
1698,罗浮布衣,字号
1699,广东顺德,地名
1700,陈邦彦,人名
1701,芝五,字号
1702,药亭,字号
1703,南海（今广州）,地名
1704,,人名
1705,惟大,字号
1706,正叔,字号
1707,南田,字号
1708,云溪外史,字号
1709,东园客,字号
1710,草衣生,字号
1711,白云外史,字号
1712,华嵒,人名
1713,宋荦,人名
1714,牧仲,字号
1715,漫堂,字号
1716,西陂,字号
1717,绵津山人,字号
1718,西陂老人,字号
1719,西陂放鸭翁,字号
1720,河南商丘,地名
1721,王士禛,人名
1722,子真,字号
1723,贻上,字号
1724,阮亭,字号
1725,渔洋山人,字号
1726,山东新城,地名
1727,福临,人名
1728,山臆,字号
1729,慧橐,字号
1730,山臆,字号
1731,幼庵,字号
1732,满洲,地名
1733,孙岳颁,人名
1734,云韶,字号
1735,树峰,字号
1736,渔庄,字号
1737,墨云堂主人,字号
1738,耦长,字号
1739,耦耕,字号
1740,子长,字号
1741,雪坪,字号
1742,听山翁,字号
1743,原济（石涛）,人名
1744,石涛,人名
1745,阿长,字号
1746,大涤子,字号
1747,清湘老人,字号
1748,清湘陈人,字号
1749,瞎尊者,字号
1750,苦瓜和尚,字号
1751,广西全州,地名
1752,吴雯,人名
1753,天章,字号
1754,莲洋,字号
1755,辽宁辽阳 籍山西蒲州,地名
1756,王鸿绪,人名
1757,季友,字号
1758,俨斋,字号
1759,横云山人,字号
1760,王广心,人名
1761,王概,人名
1762,东郭,字号
1763,安节,字号
1764,高士奇,人名
1765,澹人,字号
1766,瓶庐,字号
1767,江村,字号
1768,竹窗,字号
1769,浙江平湖,地名
1770,程京萼,人名
1771,韦华,字号
1772,祓斋,字号
1773,彭定求,人名
1774,勤止,字号
1775,南畇,字号
1776,访濂,字号
1777,南畇老人,字号
1778,姜实节,人名
1779,学在,字号
1780,思未,字号
1781,鹤涧,字号
1782,莱阳主人,字号
1783,山东莱阳,地名
1784,陈奕禧,人名
1785,六谦,字号
1786,子文,字号
1787,香泉,字号
1788,葑叟,字号
1789,浙江海宁,地名
1790,杨宾,人名
1791,可师,字号
1792,大瓢,字号
1793,大瓢山人,字号
1794,蒋衡,人名
1795,仲韦,字号
1796,声山,字号
1797,汉中,字号
1798,安蔬道人,字号
1799,查慎行,人名
1800,朱自恒,人名
1801,夏重,字号
1802,他山,字号
1803,查田,字号
1804,悔馀,字号
1805,初白老人,字号
1806,烟波钓徒,字号
1807,徐用锡,人名
1808,坛长,字号
1809,鲁南,字号
1810,昼堂,字号
1811,江苏宿迁,地名
1812,文升,字号
1813,退谷,字号
1814,秋泉,字号
1815,松南居士,字号
1816,朱稻孙,人名
1817,授一,字号
1818,九沙,字号
1819,浙江鄞县,地名
1820,万斯大,人名
1821,林佶,人名
1822,吉人,字号
1823,鹿原,字号
1824,紫微内史,字号
1825,福建侯官,地名
1826,林侗,人名
1827,高其佩,人名
1828,韦之,字号
1829,且园,字号
1830,且道人,字号
1831,南村,字号
1832,古狂,字号
1833,铁岭,地名
1834,屺瞻,字号
1835,义门,字号
1836,茶仙,字号
1837,润千,字号
1838,香案小吏,字号
1839,邵暽,人名
1840,陈鹏年,人名
1841,北溟,字号
1842,沧洲,字号
1843,湖南湘潭,地名
1844,若林,字号
1845,若霖,字号
1846,箬林,字号
1847,虚舟,字号
1848,竹云,字号
1849,二泉,字号
1850,恭寿老人,字号
1851,良常山人,字号
1852,江苏金坛,地名
1853,汪绎,人名
1854,玉轮,字号
1855,东山,字号
1856,湘帆,字号
1857,拙存,字号
1858,江南拙叟,字号
1859,函潭老布衣,字号
1860,世南,字号
1861,春晖,字号
1862,春晖老人,字号
1863,匏庐,字号
1864,稼翁,字号
1865,芋陂,字号
1866,娱村,字号
1867,德嵩,字号
1868,正叔,字号
1869,新罗山人,字号
1870,白沙道人,字号
1871,东园生,字号
1872,离垢居士,字号
1873,福建上杭,地名
1874,高凤翰,人名
1875,西园,字号
1876,南村,字号
1877,南阜老人,字号
1878,尚左生,字号
1879,丁巳残人,字号
1880,金农,人名
1881,郑燮,人名
1882,汪士慎,人名
1883,李鱓,字号
1884,宗扬,字号
1885,复堂,字号
1886,懊道人,字号
1887,木头老子,字号
1888,里善,字号
1889,中洋,字号
1890,墨磨人,字号
1891,苦李,字号
1892,滕薛大夫,字号
1893,江苏兴化,地名
1894,,字号
1895,巢林,字号
1896,溪东外史,字号
1897,左盲生,字号
1898,甘泉山人,字号
1899,七峰居士,字号
1900,寿门,字号
1901,司农,字号
1902,吉金,字号
1903,冬心,字号
1904,古泉金牛,字号
1905,稽留山民,字号
1906,曲江外史,字号
1907,漆书,流派
1908,黄慎,人名
1909,躬懋,字号
1910,恭懋,字号
1911,恭寿,字号
1912,瘿瓢,字号
1913,福建宁化,地名
1914,高翔,人名
1915,凤冈,字号
1916,樨堂,字号
1917,西唐,字号
1918,西堂,字号
1919,甘泉（今江苏扬州）,地名
1920,得天,字号
1921,泾南,字号
1922,梧囱,字号
1923,天瓶居士,字号
1924,梁巘,人名
1925,孔继涑,人名
1926,汪由敦,人名
1927,师茗,字号
1928,师敏,字号
1929,谨堂,字号
1930,松泉,字号
1931,郑燮（郑板桥）,人名
1932,克柔,字号
1933,板桥,字号
1934,六分半书,流派
1935,丁敬,人名
1936,敬身,字号
1937,龙泓山人,字号
1938,钝丁,字号
1939,砚林,字号
1940,孤云,字号
1941,石叟,字号
1942,胜怠老人,字号
1943,张燕昌,人名
1944,惠栋,人名
1945,定宇,字号
1946,松崖,字号
1947,小红豆,字号
1948,元和（今江苏苏州）,地名
1949,周士奇,人名
1950,杨法,人名
1951,已军,字号
1952,孝甫,字号
1953,孝父,字号
1954,孝程,字号
1955,马世俊,人名
1956,章民,字号
1957,甸臣,字号
1958,江苏溧阳,地名
1959,方亨咸,人名
1960,吉偶,字号
1961,邵村,字号
1962,龙瞑,字号
1963,心童道士,字号
1964,王图炳,人名
1965,瀓川,字号
1966,麟照,字号
1967,慎悔道人,字号
1968,王顼龄,人名
1969,米汉雯,人名
1970,紫来,字号
1971,秀岩,字号
1972,秀峰,字号
1973,宛平（今北京）,地名
1974,黄树穀,人名
1975,培之,字号
1976,松石,字号
1977,楷瘿,字号
1978,黄山,字号
1979,佛国山人,字号
1980,黄易,人名
1981,蒋溥,人名
1982,质甫,字号
1983,恒轩,字号
1984,蒋廷锡,人名
1985,长春居士,字号
1986,十全老人,字号
1987,胤禛,人名
1988,徐坚,人名
1989,孝先,字号
1990,友竹,字号
1991,子固,字号
1992,茧园,字号
1993,澡雪老人,字号
1994,洞庭山人,字号
1995,邓尉山人,字号
1996,江苏吴县,地名
1997,袁枚,人名
1998,子才,字号
1999,简斋,字号
2000,仓山居士,字号
2001,随园主人,字号
2002,随园老人,字号
2003,赵翼,人名
2004,蒋士铨,人名
2005,陆飞,人名
2006,起潜,字号
2007,筱饮,字号
2008,崇如,字号
2009,石庵,字号
2010,山东诸城,地名
2011,王芑孙,人名
2012,周於礼,人名
2013,绥远,字号
2014,立崖,字号
2015,亦园,字号
2016,云南嵋峨,地名
2017,童钰,人名
2018,璞岩,字号
2019,二如,字号
2020,二树,字号
2021,札岩,字号
2022,江声,人名
2023,鲸涛,字号
2024,叔濂,字号
2025,艮庭,字号
2026,俞樾,人名
2027,王鸣盛,人名
2028,凤喈,字号
2029,西庄,字号
2030,西沚,字号
2031,礼堂,字号
2032,元颖,字号
2033,山舟,字号
2034,不翁,字号
2035,新吾长,字号
2036,戴震,人名
2037,慎修,字号
2038,东原,字号
2039,杲溪,字号
2040,葺荷散人,字号
2041,王昶,人名
2042,德甫,字号
2043,琴德,字号
2044,兰泉,字号
2045,述庵,字号
2046,青浦（今属上海市）,地名
2047,心馀,字号
2048,苕生,字号
2049,清容,字号
2050,定甫,字号
2051,藏园,字号
2052,程瑶田,人名
2053,易田,字号
2054,易畴,字号
2055,伯易,字号
2056,让堂,字号
2057,葺荷,字号
2058,辨谷老民,字号
2059,信夫,字号
2060,,字号
2061,谷园,字号
2062,东山,字号
2063,葭谷,字号
2064,山东曲阜,地名
2065,孔传铎,人名
2066,钱大昕,人名
2067,及之,字号
2068,晓徵,字号
2069,辛楣,字号
2070,竹汀,字号
2071,钱玉炯,人名
2072,吴东发,人名
2073,朱筠,人名
2074,美叔,字号
2075,竹君,字号
2076,笥河,字号
2077,顺天大兴,地名
2078,朱珪,人名
2079,黄景仁,人名
2080,禹卿,字号
2081,梦楼,字号
2082,丹徒（今江苏镇江）,地名
2083,毕沅,人名
2084,纕蘅,字号
2085,秋帆,字号
2086,灵岩山人,字号
2087,镇洋（今江苏太仓）,地名
2088,姚鼐,人名
2089,姬传,字号
2090,梦谷,字号
2091,惜抱,字号
2092,冯洽,人名
2093,虞伯,字号
2094,秋鹤,字号
2095,浙江桐乡,地名
2096,正三,字号
2097,覃溪,字号
2098,苏斋,字号
2099,直隶大兴,地名
2100,凌廷堪,人名
2101,翁淑培,人名
2102,段玉裁,人名
2103,若膺,字号
2104,茂堂,字号
2105,懋堂,字号
2106,桂馥,人名
2107,冬卉,字号
2108,未谷,字号
2109,雩门,字号
2110,肃然山外史,字号
2111,老苔,字号
2112,渎井,字号
2113,渎井复民,字号
2114,翟云升,人名
2115,钱伯坰,人名
2116,鲁斯,字号
2117,渔陂,字号
2118,仆射山樵,字号
2119,阳湖（今江苏常州）,地名
2120,冯金伯,人名
2121,冶堂,字号
2122,冶亭,字号
2123,南岑,字号
2124,墨香,字号
2125,江苏南汇,地名
2126,芑堂,字号
2127,文鱼,字号
2128,金粟山人,字号
2129,张开福,人名
2130,东注,字号
2131,约甫,字号
2132,南园,字号
2133,介石生,字号
2134,如海居士,字号
2135,云南昆明,地名
2136,谭延闿,人名
2137,谭泽闿,人名
2138,董洵,人名
2139,企泉,字号
2140,小池,字号
2141,念巢,字号
2142,蒋仁,人名
2143,阶平,字号
2144,山堂,字号
2145,吉罗居士,字号
2146,女床山民,字号
2147,奚冈,人名
2148,顽伯,字号
2149,完白,字号
2150,完白山人,字号
2151,凤水渔长,字号
2152,龙山樵长,字号
2153,安徽怀宁,地名
2154,包世臣,人名
2155,邓传密,人名
2156,吴让之,人名
2157,吴昌硕,人名
2158,巴慰祖,人名
2159,予籍,字号
2160,子安,字号
2161,晋堂,字号
2162,隽堂,字号
2163,莲舫,字号
2164,胡唐,人名
2165,献之,字号
2166,十兰,字号
2167,篆秋,字号
2168,易均室,人名
2169,大易,字号
2170,小松,字号
2171,秋庵,字号
2172,秋景庵主,字号
2173,散花谁人,字号
2174,纯章,字号
2175,铁生,字号
2176,萝龛,字号
2177,鹤渚生,字号
2178,蒙泉外史,字号
2179,散木居士,字号
2180,蒙道士,字号
2181,奚道士,字号
2182,穉存,字号
2183,又蛄,字号
2184,北江先生,字号
2185,孙星衍,人名
2186,赵魏,人名
2187,恪生,字号
2188,晋斋,字号
2189,马履泰,人名
2190,叔安,字号
2191,定民,字号
2192,菽庵,字号
2193,秋药,字号
2194,赵怀玉,人名
2195,亿孙,字号
2196,味辛,字号
2197,牧庵,字号
2198,映川,字号
2199,冯敏昌,人名
2200,伯求,字号
2201,鱼山,字号
2202,广东钦州,地名
2203,隶书,书体/印风
2204,张锦芳,人名
2205,吴亦常,人名
2206,侃叔,字号
2207,芸庐,字号
2208,芸父,字号
2209,黄钺,人名
2210,左田,字号
2211,左军,字号
2212,左君,字号
2213,左庶子,字号
2214,蕉林居士,字号
2215,盲左,字号
2216,安徽当涂,地名
2217,江德量,人名
2218,成嘉,字号
2219,秋水,字号
2220,秋史,字号
2221,量殊,字号
2222,江苏仪征,地名
2223,江恂,人名
2224,少厂,字号
2225,镜泉,字号
2226,诒晋斋主人,字号
2227,冶亭,字号
2228,梅庵,字号
2229,怀清斋,字号
2230,满洲正黄旗,地名
2231,百龄,人名
2232,法式善,人名
2233,陈鳣,人名
2234,仲鱼,字号
2235,简庄,字号
2236,河庄,字号
2237,开文,字号
2238,时帆,字号
2239,梧门,字号
2240,内务府正黄旗,地名
2241,伯渊,字号
2242,季逑,字号
2243,渊如,字号
2244,组似,字号
2245,墨卿,字号
2246,伊念曾,人名
2247,伊立勳,人名
2248,黄葆戉,人名
2249,念丰,字号
2250,沤波,字号
2251,惕甫,字号
2252,铁夫,字号
2253,楞伽山人,字号
2254,云房,字号
2255,曹贞秀,人名
2256,吴鼒,人名
2257,及之,字号
2258,山尊,字号
2259,抑庵,字号
2260,南禺山樵,字号
2261,达园,字号
2262,次仲,字号
2263,双路,字号
2264,石韫玉,人名
2265,执如,字号
2266,琢如,字号
2267,琢堂,字号
2268,竹堂,字号
2269,独学老人,字号
2270,郝懿行,人名
2271,恂九,字号
2272,兰皋,字号
2273,山东栖霞,地名
2274,西甫,字号
2275,城东居士,字号
2276,钱泳,人名
2277,台仙,字号
2278,立群,字号
2279,梅溪,字号
2280,梅花溪居士,字号
2281,江苏金匮,地名
2282,钮树玉,人名
2283,匪石,字号
2284,非石,字号
2285,蓝田,字号
2286,匪石山人,字号
2287,匪石先生,字号
2288,吴县,地名
2289,曾燠,人名
2290,庶蕃,字号
2291,宾谷,字号
2292,西溪渔隐,字号
2293,江西南城,地名
2294,皋文,字号
2295,茗柯,字号
2296,武进,地名
2297,纪大复,人名
2298,子初,字号
2299,半樵,字号
2300,迷航外史,字号
2301,严可均,人名
2302,景文,字号
2303,铁桥,字号
2304,浙江乌程,地名
2305,陈豫钟,人名
2306,浚仪,字号
2307,秋堂,字号
2308,钱塘,地名
2309,陈鸿,人名
2310,赵之琛,人名
2311,墨琴,字号
2312,写韵轩,字号
2313,曹锐,人名
2314,阮元,人名
2315,伯元,字号
2316,芸台,字号
2317,雷唐庵主,字号
2318,揅经老人,字号
2319,颐性老人,字号
2320,阮常生,人名
2321,朱昂之,人名
2322,青立,字号
2323,津里,字号
2324,朱文嵘,人名
2325,钱杜,人名
2326,叔枚,字号
2327,叔美,字号
2328,松壶,字号
2329,仁和,地名
2330,张问陶,人名
2331,仲冶,字号
2332,乐祖,字号
2333,船山,字号
2334,宝莲亭主,字号
2335,蜀山老猿,字号
2336,翁树培,人名
2337,宜泉,字号
2338,申之,字号
2339,陈希祖,人名
2340,敦一,字号
2341,稚孙,字号
2342,玉香,字号
2343,玉方,字号
2344,玉芳,字号
2345,江西新城,地名
2346,郭麐,人名
2347,祥伯,字号
2348,复翁,字号
2349,频迦,字号
2350,白眉生,字号
2351,蘧庵,字号
2352,江苏吴江,地名
2353,张廷济,人名
2354,顺安,字号
2355,叔未,字号
2356,未亭,字号
2357,竹田,字号
2358,眉寿老人,字号
2359,徐同柏,人名
2360,陈鸿寿,人名
2361,子恭,字号
2362,曼生,字号
2363,陈士璠,人名
2364,高日濬,人名
2365,江沅,人名
2366,子兰,字号
2367,伯兰,字号
2368,铁君,字号
2369,韬庵,字号
2370,江苏元和,地名
2371,江鏐,人名
2372,李兆洛,人名
2373,申耆,字号
2374,养一老人,字号
2375,江苏阳湖,地名
2376,张鏐,人名
2377,子贞,字号
2378,紫贞,字号
2379,老薑,字号
2380,井南居士,字号
2381,江苏扬州,地名
2382,高垲,人名
2383,子高,字号
2384,爽泉,字号
2385,瞿中溶,人名
2386,镜涛,字号
2387,安槎,字号
2388,木夫,字号
2389,苌生,字号
2390,木居士,字号
2391,嘉定,地名
2392,李宗瀚,人名
2393,公博,字号
2394,北溟,字号
2395,春湖,字号
2396,临川,地名
2397,朱为弼,人名
2398,右甫,字号
2399,椒堂,字号
2400,吴荣光,人名
2401,殿垣,字号
2402,伯荣,字号
2403,荷屋,字号
2404,石云山人,字号
2405,广东南海,地名
2406,改琦,人名
2407,伯蕴,字号
2408,香白,字号
2409,七芗,字号
2410,玉壶外史,字号
2411,松江,地名
2412,姚元之,人名
2413,伯昂,字号
2414,荐青,字号
2415,竹叶亭生,字号
2416,五不翁,字号
2417,梁章钜,人名
2418,闳林,字号
2419,闳邻,字号
2420,芷邻,字号
2421,退庵,字号
2422,福建长乐,地名
2423,籀庄,字号
2424,寿臧,字号
2425,慎伯,字号
2426,倦翁,字号
2427,安徽泾县,地名
2428,欧体,书体/印风
2429,魏碑,书体/印风
2430,文泉,字号
2431,舜堂,字号
2432,山东东莱,地名
2433,孙均,人名
2434,诒孙,字号
2435,古云,字号
2436,钱侗,人名
2437,同人,字号
2438,赵堂,字号
2439,汤贻汾,人名
2440,若仪,字号
2441,雨生,字号
2442,粥翁,字号
2443,戴熙,人名
2444,陈均,人名
2445,敬安,字号
2446,受笙,字号
2447,屠倬,人名
2448,孟昭,字号
2449,琴邬,字号
2450,潜园,字号
2451,次闲,字号
2452,献父,字号
2453,赵懿,人名
2454,杨澥,人名
2455,竹唐,字号
2456,龙石,字号
2457,野航,字号
2458,冯登府,人名
2459,云伯,字号
2460,柳东,字号
2461,勺园,字号
2462,林则徐,人名
2463,少穆,字号
2464,元抚,字号
2465,竢村老人,字号
2466,郭尚先,人名
2467,元闻,字号
2468,兰石,字号
2469,福建莆田,地名
2470,冯承辉,人名
2471,少眉,字号
2472,伯承,字号
2473,梅花画隐,字号
2474,江苏娄县,地名
2475,少沂,字号
2476,梅石,字号
2477,翁心存,人名
2478,二铭,字号
2479,邃庵,字号
2480,翁同书,人名
2481,翁同爵,人名
2482,达受,人名
2483,六舟,字号
2484,秋楫,字号
2485,万峰退叟,字号
2486,马傅岩,人名
2487,梅植之,人名
2488,江都,地名
2489,吴熙载,人名
2490,守之,字号
2491,少伯,字号
2492,皖山遗民,字号
2493,子贞,字号
2494,东洲居士,字号
2495,蝯叟,字号
2496,湖南道州,地名
2497,何凌汉,人名
2498,杨翰,人名
2499,叶志诜,人名
2500,东卿,字号
2501,湖北汉阳,地名
2502,熙载,字号
2503,让之,字号
2504,让翁,字号
2505,晚学居士,字号
2506,赵叔孺,人名
2507,叶天赐,人名
2508,歙县,地名
2509,鄂亭,字号
2510,味闲,字号
2511,据梧,字号
2512,昭文,地名
2513,赵秉冲,人名
2514,谦士,字号
2515,研怀,字号
2516,闻山,字号
2517,文山,字号
2518,松斋,字号
2519,安徽亳州,地名
2520,沙神芝,人名
2521,笠甫,字号
2522,沙青岩,人名
2523,陆绍曾,人名
2524,贯夫,字号
2525,白斋,字号
2526,犀泉,字号
2527,吴育,人名
2528,山子,字号
2529,醇士,字号
2530,榆庵,字号
2531,莼溪,字号
2532,松屏,字号
2533,井东居士,字号
2534,鹿床居士,字号
2535,张熊,人名
2536,子祥,字号
2537,鸳湖外史,字号
2538,秀水,地名
2539,任熊,人名
2540,朱熊,人名
2541,钱松,人名
2542,叔盖,字号
2543,耐青,字号
2544,西郭外史,字号
2545,胡震,人名
2546,冯桂芬,人名
2547,景亭,字号
2548,林一,字号
2549,陈澧,人名
2550,兰甫,字号
2551,东塾先生,字号
2552,番禺,地名
2553,吴云,人名
2554,少甫,字号
2555,平斋,字号
2556,退楼,字号
2557,莫友芝,人名
2558,子偲,字号
2559,郘亭,字号
2560,眲叟,字号
2561,贵州独山,地名
2562,莫与俦,人名
2563,郑珍,人名
2564,曾国藩,人名
2565,涤生,字号
2566,伯涵,字号
2567,湖南湘乡,地名
2568,曾纪泽,人名
2569,吴大澂,人名
2570,季高,字号
2571,朴存,字号
2572,湘南湘阴,地名
2573,伯飞,字号
2574,海琴,字号
2575,樗盦,字号
2576,息柯居士,字号
2577,直隶新城,地名
2578,杨沂孙,人名
2579,子与,字号
2580,泳春,字号
2581,濠叟,字号
2582,黄牧甫,人名
2583,陈介祺,人名
2584,簠斋,字号
2585,山东潍县,地名
2586,吴咨,人名
2587,圣俞,字号
2588,哂予,字号
2589,适园,字号
2590,不恐,字号
2591,鼻山,字号
2592,胡鼻山人,字号
2593,富春大岭长,字号
2594,浙江富阳,地名
2595,杨岘,人名
2596,见山,字号
2597,季仇,字号
2598,庸斋,字号
2599,藐翁,字号
2600,迟鸿残叟,字号
2601,归安,地名
2602,周闲,人名
2603,存伯,字号
2604,小园,字号
2605,范湖居士,字号
2606,荫甫,字号
2607,曲园居士,字号
2608,章炳麟,人名
2609,李鸿章,人名
2610,少荃,字号
2611,张裕钊,人名
2612,廉卿,字号
2613,廉亭,字号
2614,湖北武昌,地名
2615,张謇,人名
2616,官岛咏士,人名
2617,胡澍,人名
2618,荄甫,字号
2619,丹伯,字号
2620,石生,字号
2621,安徽绩溪,地名
2622,徐三庚,人名
2623,辛穀,字号
2624,井罍,字号
2625,袖海,字号
2626,金罍道人,字号
2627,益甫,字号
2628,撝叔,字号
2629,铁三,字号
2630,冷君,字号
2631,憨寮,字号
2632,悲庵,字号
2633,无闷,字号
2634,梅庵,字号
2635,会稽,地名
2636,沈树镛,人名
2637,何澂,人名
2638,叔平,字号
2639,松禅,字号
2640,瓶庵居士,字号
2641,赵石,人名
2642,颜楷,人名
2643,成多禄,人名
2644,胡义赞,人名
2645,叔襄,字号
2646,石槎,字号
2647,石查,字号
2648,烟视翁,字号
2649,光山,地名
2650,董念棻,人名
2651,味青,字号
2652,小匏,字号
2653,驷虬,字号
2654,董耀,人名
2655,均初,字号
2656,韵初,字号
2657,郑斋,字号
2658,南汇,地名
2659,王闿运,人名
2660,壬秋,字号
2661,壬甫,字号
2662,湘绮,字号
2663,杨度,人名
2664,李文田,人名
2665,仲约,字号
2666,若农,字号
2667,芍农,字号
2668,畲光,字号
2669,清卿,字号
2670,恒轩,字号
2671,愙斋,字号
2672,白云山樵,字号
2673,陈奂,人名
2674,吴湖帆,人名
2675,杨守敬,人名
2676,惺吾,字号
2677,邻苏,字号
2678,湖北宜都,地名
2679,日下部鸣鹤,人名
2680,比田井天来,人名
2681,梅调鼎,人名
2682,友竹,字号
2683,赧翁,字号
2684,钱罕,人名
2685,沙孟海,人名
2686,任颐,人名
2687,次远,字号
2688,伯年,字号
2689,小楼,字号
2690,山阴道上行者,字号
2691,寿道士,字号
2692,山阴,地名
2693,任鹤声,人名
2694,任霞,人名
2695,金尔珍,人名
2696,吉石,字号
2697,少芝,字号
2698,苏盦,字号
2699,胡镢,字号
2700,菊邻,字号
2701,老菊,字号
2702,晚翠亭长,字号
2703,浙江石门,地名
2704,香补,字号
2705,香圃,字号
2706,昌硕,字号
2707,苍石,字号
2708,仓硕,字号
2709,缶庐,字号
2710,苦铁,字号
2711,破荷亭长,字号
2712,老缶,字号
2713,缶道人,字号
2714,浙江安吉,地名
2715,陈师曾,人名
2716,王震,人名
2717,朱复戡,人名
2718,王个簃,人名
2719,诸乐三,人名
2720,陶博吾,人名
2721,赵云壑,人名
2722,陈半丁,人名
2723,潘天寿,人名
2724,赵古泥,人名
2725,谭建丞,人名
2726,王懿荣,人名
2727,正儒,字号
2728,廉生,字号
2729,古砚村人,字号
2730,养潜居士,字号
2731,山东福山,地名
2732,黄士陵,人名
2733,牧甫,字号
2734,牧父,字号
2735,穆甫,字号
2736,穆父,字号
2737,倦叟,字号
2738,安徽黟县,地名
2739,易孺,人名
2740,邓尔雅,人名
2741,子培,字号
2742,巽斋,字号
2743,乙庵,字号
2744,寐叟,字号
2745,马一浮,人名
2746,弘一,人名
2747,邕之,字号
2748,李盦,字号
2749,苦李,字号
2750,赤岸岷,字号
2751,浙江仁和,地名
2752,季直,字号
2753,处默,字号
2754,树人,字号
2755,季子,字号
2756,烟波钓叟,字号
2757,啬庵,字号
2758,江苏南通,地名
2759,郑文焯,人名
2760,小坡,字号
2761,俊臣,字号
2762,叔问,字号
2763,冷红词客,字号
2764,大鹤山人,字号
2765,奉天铁岭,地名
2766,钱厓,人名
2767,朱孝臧,人名
2768,古微,字号
2769,沤尹,字号
2770,彊村,字号
2771,吴兴,地名
2772,康有为,人名
2773,广厦,字号
2774,长素,字号
2775,更生,字号
2776,西樵山人,字号
2777,南海先生,字号
2778,朱次琦,人名
2779,徐悲鸿,人名
2780,刘海粟,人名
2781,萧娴,人名
2782,康同璧,人名
2783,曾熙,人名
2784,嗣元,字号
2785,子缉,字号
2786,俟园,字号
2787,农髯,字号
2788,湖南衡阳,地名
2789,李瑞,人名
2790,张大千,人名
2791,马宗霍,人名
2792,李瑞清,人名
2793,仲麟,字号
2794,梅庵,字号
2795,梅痴,字号
2796,清道人,字号
2797,胡小石,人名
2798,吕凤子,人名
2799,李健,人名
2800,程荃,人名
2801,蘅衫,字号
2802,王尔度,人名
2803,顷波,字号
2804,江苏江阴,地名
2805,方朔,人名
2806,小东,字号
2807,刘喜海,人名
2808,吉甫,字号
2809,燕庭,字号
2810,小云,字号
2811,江苏仪征 阮元长子,地名
2812,杨能格,人名
2813,简侯,字号
2814,季良,字号
2815,汉军正红旗,地名
2816,竟山,字号
2817,余锷,人名
2818,慈柏,字号
2819,老慈,字号
2820,质民,字号
2821,石匏,字号
2822,太华归云叟,字号
2823,浙江海盐 张燕昌子,地名
2824,陈春熙,人名
2825,明之,字号
2826,雪厂,字号
2827,翁大年,人名
2828,王云,人名
2829,懿子,字号
2830,穀庵,字号
2831,崇恩,人名
2832,仰之,字号
2833,雨舲,字号
2834,语铃,字号
2835,香南居士,字号
2836,满洲正蓝旗,地名
2837,程恭寿,人名
2838,容伯,字号
2839,人海,字号
2840,郑孝胥,人名
2841,苏戡,字号
2842,太夷,字号
2843,闽县,地名
2844,卓定谋,人名
2845,曹聚仁,人名
2846,萧蜕,人名
2847,中孚,字号
2848,盅孚,字号
2849,蜕盦,字号
2850,寒蝉,字号
2851,现代,时间
2852,邓散木,人名
2853,沙曼翁,人名
2854,翁闿运,人名
2855,齐白石,人名
2856,渭清,字号
2857,濒生,字号
2858,借山吟馆主,字号
2859,寄萍老人,字号
2860,木居士,字号
2861,白石老人,字号
2862,三百石印富翁,字号
2863,郑板桥,人名
2864,李苦禅,人名
2865,李可染,人名
2866,黄宾虹,人名
2867,朴存,字号
2868,朴丞,字号
2869,劈琴,字号
2870,予向,字号
2871,宾虹,字号
2872,虹叟,字号
2873,黄山山中人,字号
2874,安徽歙县 生于浙江金华,地名
2875,裴煜,人名
2876,罗振玉,人名
2877,叔言,字号
2878,叔蕴,字号
2879,雪堂,字号
2880,贞松老人,字号
2881,王国维,人名
2882,董作宾,人名
2883,商承祚,人名
2884,赵熙,人名
2885,尧生,字号
2886,香宋,字号
2887,四川荣县,地名
2888,梁启超,人名
2889,林思进,人名
2890,丁佛言,人名
2891,松游,字号
2892,山东黄县,地名
2893,张伯英,人名
2894,勺圃,字号
2895,江苏铜山,地名
2896,枚叔,字号
2897,太炎,字号
2898,浙江余姚,地名
2899,鲁迅,人名
2900,黄侃,人名
2901,褚德彝,人名
2902,守隅,字号
2903,礼堂,字号
2904,汉威,字号
2905,松窗,字号
2906,浙江余杭,地名
2907,刘春霖,人名
2908,润琴,字号
2909,石篑,字号
2910,河北肃宁,地名
2911,罗惇曧,人名
2912,孝遹,字号
2913,瘿公,字号
2914,罗惇㬊,人名
2915,照岩,字号
2916,敷庵,字号
2917,复闇,字号
2918,复堪,字号
2919,羯蒙老人,字号
2920,广东顺德 罗惇曧从弟,地名
2921,冯开,人名
2922,阶青,字号
2923,君木,字号
2924,木公,字号
2925,回风亭长,字号
2926,木居士,字号
2927,回风先生,字号
2928,黄节,人名
2929,玉昆,字号
2930,纯熙,字号
2931,蒹葭楼主,字号
2932,梁鼎芬,人名
2933,罗瘿公,人名
2934,曾习经,人名
2935,季馥,字号
2936,无疆,字号
2937,洲邮,字号
2938,大厂,字号
2939,魏斋,字号
2940,韦斋,字号
2941,大厂居士,字号
2942,广东鹤山,地名
2943,卓如,字号
2944,任公,字号
2945,广东新会 康有为弟子,地名
2946,献忱,字号
2947,叔孺,字号
2948,二弩老人,字号
2949,陈巨来,人名
2950,方介堪,人名
2951,徐邦达,人名
2952,张鲁庵,人名
2953,商衍鎏,人名
2954,藻亭,字号
2955,又章,字号
2956,冕臣,字号
2957,康乐老人,字号
2958,广东番禹,地名
2959,石农,字号
2960,古泥,字号
2961,泥道人,字号
2962,江苏虞山,地名
2963,赵林,人名
2964,皙子,字号
2965,虎公,字号
2966,虎禅,字号
2967,钱振锽,人名
2968,梦鲸,字号
2969,名山,字号
2970,江苏常州,地名
2971,谢觐虞,人名
2972,溥侗,人名
2973,厚斋,字号
2974,西园,字号
2975,厚斋,字号
2976,西园,字号
2977,红豆馆主,字号
2978,河北宛平,地名
2979,徐生翁,人名
2980,生翁,字号
2981,浙江绍兴,地名
2982,孩儿体,流派
2983,静山,字号
2984,半丁,字号
2985,半丁老人,字号
2986,半叟,字号
2987,半翁,字号
2988,半野老,字号
2989,山阴半叟,字号
2990,稽山半老,字号
2991,山阴道上人,字号
2992,不须翁,字号
2993,老复丁,字号
2994,浙江山阴,地名
2995,姚华,人名
2996,重光,字号
2997,茫父,字号
2998,莲花庵主,字号
2999,贵州贵筑,地名
3000,陈衡恪,人名
3001,师曾,字号
3002,江西义宁 陈三立长子,地名
3003,魏碑,书体/印风
3004,陈三立,人名
3005,组庵,字号
3006,组安,字号
3007,畏三,字号
3008,湖南茶陵 谭钟麟子,地名
3009,谭钟麟,人名
3010,于右任,人名
3011,骚心,字号
3012,髯翁,字号
3013,太平老人,字号
3014,陕西三原,地名
3015,标准草书,流派
3016,刘延涛,人名
3017,胡公石,人名
3018,金城,人名
3019,巩北,字号
3020,拱北,字号
3021,北楼,字号
3022,藕湖,字号
3023,浙江吴兴 生于北京,地名
3024,高时显,人名
3025,欣木,字号
3026,野侯,字号
3027,可庵,字号
3028,金梁,人名
3029,息候,字号
3030,满洲正白旗,地名
3031,丁仁,人名
3032,子修,字号
3033,辅之,字号
3034,鹤庐,字号
3035,簠叟,字号
3036,高剑父,人名
3037,爵廷,字号
3038,剑父,字号
3039,广东番禺,地名
3040,高奇峰,人名
3041,王福庵,人名
3042,维季,字号
3043,福庵,字号
3044,屈瓠,字号
3045,罗刹江民,字号
3046,持默老人,字号
3047,王同,人名
3048,顿群,人名
3049,韩登安,人名
3050,唐源邺,人名
3051,柳诒徵,人名
3052,翼谋,字号
3053,劬堂,字号
3054,江苏镇江,地名
3055,叶玉森,人名
3056,镔虹,字号
3057,葓渔,字号
3058,中泠亭长,字号
3059,息霜,字号
3060,圹庐老人,字号
3061,演音,字号
3062,晚晴老人,字号
3063,浙江平湖 迁天津,地名
3064,霭农,字号
3065,邻谷,字号
3066,青山农,字号
3067,福建长乐 寓居上海,地名
3068,王福厂,人名
3069,马公愚,人名
3070,章士钊,人名
3071,行严,字号
3072,秋桐,字号
3073,孤桐,字号
3074,张宗祥,人名
3075,阆声,字号
3076,冷僧,字号
3077,铁如意馆主,字号
3078,湛翁,字号
3079,蠲翁,字号
3080,蠲戏老人,字号
3081,越园,字号
3082,寒柯,字号
3083,浙江龙游,地名
3084,沈尹默,人名
3085,中,字号
3086,秋明,字号
3087,浙江吴兴,地名
3088,谢无量,人名
3089,大澄,字号
3090,希苑,字号
3091,四川乐至,地名
3092,季雨,字号
3093,尔雅,字号
3094,尔疋,字号
3095,邓斋,字号
3096,广东东莞,地名
3097,邓承修,人名
3098,容庚,人名
3099,黄般若,人名
3100,王师子,人名
3101,师梅,字号
3102,师子,字号
3103,师梅,字号
3104,师子,字号
3105,墨稼居士,字号
3106,吴东迈,人名
3107,浙江安吉 吴昌硕三子,地名
3108,马叙伦,人名
3109,夷初,字号
3110,彝初,字号
3111,石屋,字号
3112,浙江杭县,地名
3113,符铸,人名
3114,铁年,字号
3115,瓢庵,字号
3116,闲存居士,字号
3117,二观居士,字号
3118,铁道人,字号
3119,凤痴,字号
3120,凤痴,字号
3121,凤子,字号
3122,凤先生,字号
3123,均室,字号
3124,橹园,字号
3125,灵蕤,字号
3126,湖北潜江,地名
3127,徐无闻,人名
3128,曹立庵,人名
3129,程白舟,人名
3130,唐醉石,人名
3131,李侯,字号
3132,蒲佣,字号
3133,醉龙,字号
3134,醉农,字号
3135,醉石山农,字号
3136,柳亚子,人名
3137,安如,字号
3138,亚卢,字号
3139,亚卢,字号
3140,稼轩,字号
3141,亚子,字号
3142,陈巢南,人名
3143,高天梅,人名
3144,简经纶,人名
3145,琴斋,字号
3146,琴石,字号
3147,琴斋,字号
3148,琴石,字号
3149,千石楼主,字号
3150,于非闇,人名
3151,非厂,字号
3152,非厂,字号
3153,非闇,字号
3154,闲人,字号
3155,老非,字号
3156,山东蓬莱,地名
3157,光炜,字号
3158,倩尹,字号
3159,夏庐,字号
3160,圣同,字号
3161,沙公,字号
3162,游寿,人名
3163,组同,字号
3164,瓶斋,字号
3165,湖南茶陵 谭延闿弟,地名
3166,袁克文,人名
3167,豹岑,字号
3168,抱存,字号
3169,寒云,字号
3170,河南项城 袁世凯次子,地名
3171,袁世凯,人名
3172,郑诵先,人名
3173,诵先,字号
3174,四川富顺,地名
3175,乔曾劬,人名
3176,大壮,字号
3177,壮翁,字号
3178,波外翁,字号
3179,波外居士,字号
3180,四川华阳,地名
3181,顾印愚,人名
3182,郭沫若,人名
3183,鼎堂,字号
3184,鼎堂,字号
3185,尚武,字号
3186,四川乐山,地名
3187,公驭,字号
3188,公禺,字号
3189,公愚,字号
3190,冷翁,字号
3191,耕石簃主,字号
3192,浙江永嘉 寓居上海,地名
3193,遹骏,字号
3194,东庄,字号
3195,湖帆,字号
3196,湖帆,字号
3197,倩庵,字号
3198,丑簃,字号
3199,江苏苏州 吴大澂孙,地名
3200,希白,字号
3201,容斋,字号
3202,颂斋,字号
3203,刘孟伉,人名
3204,四川云阳,地名
3205,心畲,字号
3206,西山居士,字号
3207,旧王孙,字号
3208,神州少年,字号
3209,江南布衣,字号
3210,江苏宜兴,地名
3211,潘天,字号
3212,大颐,字号
3213,寿者,字号
3214,懒道人,字号
3215,颐者,字号
3216,雷婆头峰寿者,字号
3217,浙江宁海,地名
3218,李叔同,人名
3219,钱瘦铁,人名
3220,叔厓,字号
3221,叔厓,字号
3222,数青峰馆主,字号
3223,天池龙泓斋主,字号
3224,王冠山,人名
3225,玉岑,字号
3226,孤鸾,字号
3227,婴行,字号
3228,浙江桐乡石门镇,地名
3229,霖,字号
3230,散之,字号
3231,散耳,字号
3232,左耳,字号
3233,聋叟,字号
3234,江上老人,字号
3235,半残老人,字号
3236,安徽和县 生于江苏江浦,地名
3237,钝铁,字号
3238,钝铁,字号
3239,粪翁,字号
3240,且渠子,字号
3241,一足,字号
3242,单晓天,人名
3243,朱大可,人名
3244,莲垞,字号
3245,大千,字号
3246,大千居士,字号
3247,下里巴人,字号
3248,四川内江,地名
3249,陆维钊,人名
3250,子平,字号
3251,微昭,字号
3252,劭翁,字号
3253,蜾扁书,流派
3254,潘伯鹰,人名
3255,凫公,字号
3256,有发翁,字号
3257,孤云,字号
3258,吴子复,人名
3259,子复,字号
3260,伏叟,字号
3261,广东四会,地名
3262,吴隶,流派
3263,石荒,字号
3264,沙邨,字号
3265,兰沙,字号
3266,冯君木,人名
3267,博吾,字号
3268,白湖散人,字号
3269,江西彭泽,地名
3270,百行,字号
3271,静龛,字号
3272,复戡,字号
3273,浙江鄞县 迁居上海,地名
3274,瑗仲,字号
3275,涤如,字号
3276,稚秋,字号
3277,蜕阁,字号
3278,枕琴室主,字号
3279,贵州贵阳,地名
3280,希斋,字号
3281,希斋,字号
3282,南屿山人,字号
3283,来楚生,人名
3284,凫,字号
3285,凫,字号
3286,负翁,字号
3287,楚凫,字号
3288,非叶,字号
3289,木人,字号
3290,初升,字号
3291,费新我,人名
3292,省吾,字号
3293,省吾,字号
3294,立千,字号
3295,立斋,字号
3296,浙江湖州 寓居苏州,地名
3297,高二适,人名
3298,瘠庵,字号
3299,舒凫,字号
3300,江苏东台,地名
3301,钱君匋,人名
3302,午斋,字号
3303,豫堂,字号
3304,介眉,字号
3305,福建霞浦,地名
3306,白蕉,人名
3307,远香,字号
3308,远香,字号
3309,旭如,字号
3310,云间,字号
3311,济庐,字号
3312,上海金山,地名
3313,余任天,人名
3314,天庐,字号
3315,壮暮生,字号
3316,启功,人名
3317,元白,字号
3318,元伯,字号
3319,北京,地名
3320,岭南画派,流派
3321,流派印之开山鼻祖,流派
3322,晚清碑学大家,流派
3323,常州词派,流派
3324,金陵八家,流派
3325,西泠印社首任社长,流派
3326,清初四王,流派
3327,常州派（画）,流派
3328,虞山琴派,流派
3329,偏锋书法,流派
3330,唐初四大家,流派
3331,米点皴（画）,流派
3332,西泠八家,流派
3333,新安四大家,流派
3334,清六家,流派
3335,今草,流派
3336,新安派,流派
3337,草篆体,流派
3338,扬州八怪,流派
3339,桐城派（古文）,流派
3340,曼生壶,流派
3341,海派,流派
3342,宋四家,流派
3343,黄山画派,流派
3344,清末写意花卉开山,流派
3345,米家云山（画）,流派
3346,莆田派（篆刻）,流派
3347,明四家,流派
3348,明后七子之首,流派
3349,西泠印社创始人,流派
3350,馆阁体,流派
3351,黟山派,流派
3352,南社,流派
3353,元四家,流派
3354,明初三宋,流派
3355,西泠八家传人,流派
3356,邓派（皖派）（篆刻）,流派
3357,剪刀篆（金错书）,流派
3358,浙派（篆刻）,流派
3359,小篆飞白,流派
3360,清初四高僧,流派
3361,中国画学研究会,流派
3362,岭南三杰,流派
3363,明末四大家,流派
3364,皖派（篆刻）,流派
3365,发现收藏殷墟甲骨第一人,流派
3366,妍美流便之今体,流派
3367,吴门画派,流派
3368,赵孟頫,人名